{
  "project_info": {
    "project_number": "57264328537",
    "project_id": "photos-platzi",
    "storage_bucket": "photos-platzi.appspot.com"
  },
  "client": [
    {
      "client_info": {
        "mobilesdk_app_id": "1:57264328537:android:37f5bac7270c603952c648",
        "android_client_info": {
          "package_name": "com.google.codelab.photos.sharing"
        }
      },
      "oauth_client": [
        {
          "client_id": "57264328537-5471r76t7dh3nm638934ip1os1dr97e4.apps.googleusercontent.com",
          "client_type": 1,
          "android_info": {
            "package_name": "com.google.codelab.photos.sharing",
            "certificate_hash": "83565e0d1a158c767e44a2ea8984652d6af1da53"
          }
        },
        {
          "client_id": "57264328537-sptdtdq56am9bka977s9etsf0k0obnk8.apps.googleusercontent.com",
          "client_type": 3
        }
      ],
      "api_key": [
        {
          "current_key": "AIzaSyADUzoW6G-yRgaiQIQTyvZhI9msXlt5Lb4"
        }
      ],
      "services": {
        "appinvite_service": {
          "other_platform_oauth_client": [
            {
              "client_id": "57264328537-sptdtdq56am9bka977s9etsf0k0obnk8.apps.googleusercontent.com",
              "client_type": 3
            }
          ]
        }
      }
    }
  ],
  "configuration_version": "1"
}